Periode,4-4*0,4-4*1,4-4*2,4-4*3,4-4*4,4-4*5,4-4*6,4-4*7,4-4*8,4-4*9,4-4-4*0,4-4-4*1,4-4-4*2,4-4-4*3,4-4-4*4,4-4-4*5,4-4-4*6,4-4-4*7,4-4-4*8,4-4-4*9,4-4-4-4*0,4-4-4-4*1,4-4-4-4*2,4-4-4-4*3,4-4-4-4*4,4-4-4-4*5,4-4-4-4*6,4-4-4-4*7,4-4-4-4*8,4-4-4-4*9,5-5*0,5-5*1,5-5*2,5-5*3,5-5*4,5-5*5,5-5*6,5-5*7,5-5*8,5-5*9,5-5-5*0,5-5-5*1,5-5-5*2,5-5-5*3,5-5-5*4,5-5-5*5,5-5-5*6,5-5-5*7,5-5-5*8,5-5-5*9,5-5-5-5*0,5-5-5-5*1,5-5-5-5*2,5-5-5-5*3,5-5-5-5*4,5-5-5-5*5,5-5-5-5*6,5-5-5-5*7,5-5-5-5*8,5-5-5-5*9,6-6*0,6-6*1,6-6*2,6-6*3,6-6*4,6-6*5,6-6*6,6-6*7,6-6*8,6-6*9,6-6-6*0,6-6-6*1,6-6-6*2,6-6-6*3,6-6-6*4,6-6-6*5,6-6-6*6,6-6-6*7,6-6-6*8,6-6-6*9,6-6-6-6*0,6-6-6-6*1,6-6-6-6*2,6-6-6-6*3,6-6-6-6*4,6-6-6-6*5,6-6-6-6*6,6-6-6-6*7,6-6-6-6*8,6-6-6-6*9,Test
2017-01-01,3.18,0.58,0.58,3.20,0.58,2.98,3.13,2.82,3.06,0.58,0.58,3.15,3.02,3.13,0.58,0.58,3.36,0.58,3.30,3.33,0.58,1.80,3.19,3.34,0.58,0.58,3.46,4.06,3.32,0.62,3.32,3.21,3.46,3.22,3.45,3.38,3.56,0.55,3.43,3.28,0.58,0.58,0.58,0.58,0.58,0.58,0.58,0.58,0.58,0.58,0.58,0.58,0.58,0.58,0.58,0.58,0.58,0.58,0.58,0.58,3.40,3.48,3.52,3.58,3.21,3.28,3.34,3.49,3.41,3.66,3.34,3.51,3.49,3.67,3.10,3.44,3.53,3.59,3.46,3.32,3.53,3.43,3.51,3.42,3.58,3.62,0.37,3.59,3.37,3.66,3.49
2017-02-01,3.44,0.58,0.58,3.46,0.58,3.19,3.39,2.84,3.30,0.58,0.58,3.47,3.29,3.42,0.58,0.58,3.67,0.58,3.61,3.65,0.58,1.80,3.56,3.69,0.58,0.58,3.85,4.92,3.68,0.61,3.33,3.51,3.35,3.02,3.15,3.45,3.28,0.55,3.53,3.49,0.58,0.58,0.58,0.58,0.58,0.58,0.58,0.58,0.58,0.58,0.58,0.58,0.58,0.58,0.58,0.58,0.58,0.58,0.58,0.58,3.43,3.81,3.22,3.44,3.59,3.14,3.43,3.24,3.52,3.84,4.04,3.65,3.50,3.71,3.45,3.94,3.38,3.24,3.80,3.37,3.51,3.67,3.75,3.24,3.78,4.13,0.17,3.93,3.25,3.91,3.83
2017-03-01,3.88,0.58,0.58,3.87,0.58,3.85,3.88,3.03,3.87,0.58,0.58,4.09,4.10,4.06,0.58,0.58,4.04,0.58,4.02,4.06,0.58,1.80,4.27,4.16,0.58,0.58,4.31,5.61,4.19,0.65,3.33,3.42,3.61,3.15,3.49,3.52,3.82,0.55,3.82,3.44,0.58,0.58,0.58,0.58,0.58,0.58,0.58,0.58,0.58,0.58,0.58,0.58,0.58,0.58,0.58,0.58,0.58,0.58,0.58,0.58,4.18,4.55,3.46,3.10,3.74,4.06,4.01,3.48,3.89,3.73,3.91,3.68,3.59,3.94,3.87,4.06,3.61,3.13,4.35,3.88,3.52,3.89,3.99,3.80,3.79,4.06,0.37,4.68,3.40,3.52,3.61
2017-04-01,3.74,0.01,-0.03,3.73,0.39,3.92,3.77,2.89,3.83,-0.01,0.42,4.04,4.27,4.03,0.41,0.62,3.88,0.51,3.87,3.91,0.58,1.97,4.25,4.02,0.58,0.58,4.14,5.13,4.05,0.71,3.60,3.65,3.60,2.99,3.37,3.69,3.61,0.56,4.10,3.71,0.80,0.77,0.56,0.60,0.67,0.93,0.78,0.52,0.77,0.51,0.59,0.58,0.58,0.58,0.53,0.56,0.60,0.53,0.59,0.59,3.86,4.36,3.24,3.13,4.28,3.78,3.83,3.31,3.80,4.03,4.18,3.85,3.68,4.05,4.67,4.25,3.47,2.64,4.22,3.82,3.50,4.23,4.13,3.54,4.02,4.54,0.37,4.88,3.31,3.95,4.17
2017-05-01,3.65,0.58,0.58,3.66,0.58,3.65,3.63,2.73,3.62,0.58,0.58,3.83,3.98,3.82,0.58,0.58,3.92,0.58,3.85,3.91,0.58,1.80,4.01,3.98,0.58,0.58,4.17,5.07,3.98,0.61,3.61,3.84,3.67,3.09,3.54,3.69,4.13,0.57,4.49,3.83,0.88,0.83,0.57,0.60,0.68,1.05,0.82,0.51,0.86,0.49,0.58,0.58,0.58,0.58,0.55,0.57,0.59,0.55,0.59,0.59,4.20,4.08,3.68,3.36,4.61,4.42,4.11,3.67,4.01,4.41,4.61,4.13,3.98,4.55,5.06,4.48,3.85,2.85,4.31,4.15,3.78,4.49,4.56,4.13,4.32,5.02,0.37,5.53,3.52,4.34,4.33
2017-06-01,3.67,0.58,0.58,3.71,0.58,3.27,3.58,2.66,3.43,0.58,0.58,3.68,3.43,3.63,0.58,0.58,4.06,0.58,3.96,4.03,0.58,1.80,3.78,4.08,0.58,0.58,4.33,5.48,4.04,0.61,3.75,3.85,3.74,3.00,3.53,3.80,3.96,0.55,4.85,3.88,0.58,0.58,0.58,0.58,0.58,0.58,0.58,0.58,0.58,0.58,0.58,0.58,0.58,0.58,0.58,0.58,0.58,0.58,0.58,0.58,3.79,4.10,3.23,2.69,4.90,3.58,4.07,3.33,4.09,4.37,4.77,4.26,3.98,4.49,5.55,4.88,3.67,1.80,4.55,4.24,3.64,4.82,4.93,3.80,4.43,5.32,0.37,6.00,3.45,4.01,4.37
2017-07-01,4.00,0.54,0.52,4.02,0.58,3.54,3.93,2.73,3.78,0.53,0.58,4.09,3.64,4.01,0.58,0.58,4.36,0.58,4.28,4.35,0.58,1.80,4.21,4.46,0.58,0.58,4.71,6.37,4.44,0.61,3.89,4.01,3.79,3.07,3.61,3.87,4.43,0.55,5.25,4.05,0.58,0.58,0.58,0.58,0.58,0.58,0.58,0.58,0.58,0.58,0.58,0.58,0.58,0.58,0.58,0.58,0.58,0.58,0.58,0.58,4.52,4.79,3.69,2.74,5.43,4.50,4.57,3.69,4.33,4.60,5.18,4.44,4.20,4.88,6.05,5.18,3.95,1.74,5.02,4.67,3.74,5.10,5.29,4.44,4.59,5.75,0.37,6.73,3.59,4.28,3.88
2017-08-01,4.14,0.58,0.58,4.14,0.58,4.07,4.15,2.72,4.14,0.58,0.58,4.49,4.36,4.43,0.58,0.58,4.43,0.58,4.38,4.45,0.58,1.80,4.73,4.61,0.58,0.58,4.83,6.56,4.64,0.61,3.94,4.13,3.88,3.02,3.64,3.94,4.28,0.55,5.64,4.13,0.58,0.58,0.58,0.58,0.58,0.58,0.58,0.58,0.58,0.58,0.58,0.58,0.58,0.58,0.58,0.58,0.58,0.58,0.58,0.58,4.30,5.49,3.34,2.85,5.77,3.73,4.54,3.45,4.39,4.94,5.44,4.68,4.34,5.06,6.43,5.37,3.84,0.84,5.21,4.77,3.80,5.37,5.66,4.01,4.80,6.18,0.37,7.13,3.55,4.71,3.82
2017-09-01,4.13,0.58,0.58,4.12,0.58,4.39,4.16,2.65,4.24,0.58,0.58,4.61,5.01,4.59,0.58,0.58,4.45,0.58,4.39,4.46,0.58,1.80,4.96,4.62,0.58,0.58,4.84,6.29,4.65,0.61,4.06,4.18,3.93,3.06,3.69,4.02,4.69,0.55,6.02,4.21,0.58,0.58,0.58,0.58,0.58,0.58,0.58,0.58,0.58,0.58,0.58,0.58,0.58,0.58,0.58,0.58,0.58,0.58,0.58,0.58,4.95,5.50,3.74,2.36,6.20,5.18,4.84,3.74,4.55,5.03,5.63,4.87,4.49,5.37,7.00,5.65,4.10,1.37,5.25,5.08,3.85,5.61,6.11,4.69,4.92,6.58,0.37,7.66,3.65,4.47,3.72
2017-10-01,4.05,0.58,0.58,4.07,0.58,4.08,4.00,2.58,3.98,0.58,0.58,4.34,4.76,4.32,0.58,0.58,4.50,0.58,4.39,4.47,0.58,1.80,4.63,4.58,0.58,0.58,4.86,6.05,4.56,0.61,4.14,4.30,4.00,3.03,3.74,4.08,4.56,0.55,6.37,4.33,0.58,0.58,0.58,0.58,0.58,0.58,0.58,0.58,0.58,0.58,0.58,0.58,0.58,0.58,0.58,0.58,0.58,0.58,0.58,0.58,4.40,5.03,3.34,2.07,6.72,3.94,4.76,3.49,4.64,5.18,6.05,5.04,4.58,5.48,7.39,5.95,3.97,0.02,5.36,5.16,3.81,5.82,6.54,4.16,5.02,6.98,0.37,7.99,3.62,4.59,3.58
2017-11-01,4.17,0.58,0.58,4.21,0.58,3.70,4.07,2.59,3.88,0.58,0.58,4.25,4.06,4.19,0.58,0.58,4.67,0.58,4.55,4.64,0.58,1.80,4.40,4.74,0.58,0.58,5.05,6.49,4.70,0.61,4.21,4.39,4.05,3.06,3.77,4.15,4.92,0.55,6.68,4.41,0.58,0.58,0.58,0.58,0.58,0.58,0.58,0.58,0.58,0.58,0.58,0.58,0.58,0.58,0.58,0.58,0.58,0.58,0.58,0.58,5.04,4.95,3.84,2.36,7.12,5.54,5.11,3.83,4.81,5.48,6.26,5.23,4.76,5.81,7.76,6.22,4.21,1.21,5.67,5.44,3.88,5.99,6.96,4.89,5.13,7.35,0.37,8.40,3.69,5.02,3.30
2017-12-01,4.35,0.58,0.58,4.37,0.58,3.75,4.29,2.60,4.10,0.58,0.58,4.50,3.77,4.40,0.58,0.58,4.79,0.58,4.71,4.80,0.58,1.80,4.60,4.94,0.58,0.58,5.23,7.04,4.93,0.61,4.31,4.45,4.11,3.04,3.82,4.22,4.79,0.55,6.95,4.49,0.58,0.58,0.58,0.58,0.58,0.58,0.58,0.58,0.58,0.58,0.58,0.58,0.58,0.58,0.58,0.58,0.58,0.58,0.58,0.58,4.60,5.66,3.38,1.84,7.64,3.68,5.11,3.55,4.90,5.63,6.46,5.40,4.84,5.94,8.12,6.44,4.10,-0.06,5.97,5.52,3.86,6.13,7.39,4.26,5.21,7.72,0.37,8.60,3.67,4.86,3.61
2018-01-01,4.46,0.58,0.58,4.46,0.58,4.32,4.47,2.58,4.46,0.58,0.58,4.91,4.46,4.83,0.58,0.58,4.86,0.58,4.79,4.88,0.58,1.80,5.16,5.06,0.58,0.58,5.32,7.19,5.09,0.61,4.37,4.54,4.16,3.06,3.85,4.28,5.10,0.55,7.17,4.59,0.58,0.58,0.58,0.58,0.58,0.58,0.58,0.58,0.58,0.58,0.58,0.58,0.58,0.58,0.58,0.58,0.58,0.58,0.58,0.58,5.47,6.42,3.88,1.49,8.16,5.94,5.39,3.88,5.04,5.76,6.79,5.55,4.97,6.16,8.32,6.67,4.30,1.11,6.10,5.71,3.83,6.23,7.82,5.07,5.25,8.05,0.37,8.77,3.71,4.88,3.25
2018-02-01,4.43,0.58,0.58,4.44,0.58,4.70,4.44,2.54,4.53,0.58,0.58,4.99,5.40,4.97,0.58,0.58,4.90,0.58,4.80,4.89,0.58,1.80,5.41,5.05,0.58,0.58,5.33,6.87,5.07,0.61,4.44,4.62,4.22,3.05,3.90,4.34,4.98,0.55,7.33,4.66,0.58,0.58,0.58,0.58,0.58,0.58,0.58,0.58,0.58,0.58,0.58,0.58,0.58,0.58,0.58,0.58,0.58,0.58,0.58,0.58,4.91,6.63,3.44,1.70,8.64,3.60,5.32,3.63,5.13,6.01,6.96,5.69,5.07,6.29,8.59,6.91,4.21,0.45,6.17,5.72,3.81,6.31,8.23,4.33,5.28,8.35,0.37,8.77,3.69,5.27,3.18
2018-03-01,4.44,0.58,0.58,4.47,0.58,4.53,4.38,2.53,4.35,0.58,0.58,4.81,5.57,4.80,0.58,0.58,4.98,0.58,4.86,4.96,0.58,1.80,5.20,5.08,0.58,0.58,5.40,6.73,5.07,0.61,4.51,4.68,4.27,3.06,3.93,4.40,5.24,0.55,7.44,4.73,0.58,0.58,0.58,0.58,0.58,0.58,0.58,0.58,0.58,0.58,0.58,0.58,0.58,0.58,0.58,0.58,0.58,0.58,0.58,0.58,5.70,6.06,3.95,1.39,9.22,6.69,5.58,3.94,5.27,6.19,7.17,5.82,5.18,6.49,8.75,7.13,4.39,1.21,6.34,5.84,3.78,6.35,8.62,5.21,5.30,8.63,0.37,8.76,3.73,5.19,3.40
2018-04-01,4.54,0.58,0.58,4.57,0.58,4.05,4.44,2.53,4.23,0.58,0.58,4.68,4.74,4.61,0.58,0.58,5.09,0.58,4.98,5.08,0.58,1.80,4.86,5.19,0.58,0.58,5.52,7.02,5.16,0.61,4.56,4.75,4.32,3.05,3.97,4.46,5.13,0.55,7.49,4.81,0.58,0.58,0.58,0.58,0.58,0.58,0.58,0.58,0.58,0.58,0.58,0.58,0.58,0.58,0.58,0.58,0.58,0.58,0.58,0.58,5.00,5.86,3.45,0.94,9.78,3.37,5.55,3.68,5.37,6.31,7.41,5.93,5.26,6.57,8.88,7.33,4.30,0.93,6.61,5.81,3.71,6.37,8.99,4.36,5.30,8.88,0.37,8.59,3.71,5.13,3.41
2018-05-01,4.67,0.58,0.58,4.69,0.58,3.99,4.62,2.53,4.42,0.58,0.58,4.89,3.98,4.78,0.58,0.58,5.17,0.58,5.08,5.18,0.58,1.80,4.96,5.33,0.58,0.58,5.64,7.46,5.33,0.61,4.62,4.81,4.37,3.06,4.00,4.52,5.36,0.55,7.49,4.87,0.58,0.58,0.58,0.58,0.58,0.58,0.58,0.58,0.58,0.58,0.58,0.58,0.58,0.58,0.58,0.58,0.58,0.58,0.58,0.58,5.96,6.53,4.03,1.12,10.34,7.35,5.79,4.00,5.49,6.52,7.53,6.02,5.36,6.71,9.01,7.52,4.47,1.65,6.81,5.86,3.63,6.36,9.35,5.33,5.28,9.09,0.37,8.39,3.73,5.47,3.23
2018-06-01,4.73,0.58,0.58,4.73,0.58,4.47,4.73,2.51,4.71,0.58,0.58,5.21,4.31,5.13,0.58,0.58,5.22,0.58,5.13,5.23,0.58,1.80,5.42,5.40,0.58,0.58,5.69,7.50,5.42,0.61,4.68,4.87,4.42,3.05,4.03,4.57,5.25,0.55,7.44,4.94,0.58,0.58,0.58,0.58,0.58,0.58,0.58,0.58,0.58,0.58,0.58,0.58,0.58,0.58,0.58,0.58,0.58,0.58,0.58,0.58,5.26,7.36,3.49,0.94,10.98,2.78,5.73,3.74,5.58,6.70,7.72,6.10,5.44,6.78,9.04,7.70,4.39,1.19,6.91,5.78,3.56,6.34,9.67,4.36,5.26,9.27,0.37,8.07,3.72,5.46,3.12
2018-07-01,4.73,0.58,0.58,4.75,0.58,4.98,4.72,2.50,4.80,0.58,0.58,5.33,5.51,5.31,0.58,0.58,5.28,0.58,5.17,5.27,0.58,1.80,5.77,5.42,0.58,0.58,5.72,7.23,5.43,0.61,4.73,4.93,4.46,3.06,4.06,4.62,5.45,0.55,7.34,5.00,0.58,0.58,0.58,0.58,0.58,0.58,0.58,0.58,0.58,0.58,0.58,0.58,0.58,0.58,0.58,0.58,0.58,0.58,0.58,0.58,6.31,7.77,4.08,0.57,11.59,8.19,5.93,4.06,5.70,6.83,7.88,6.16,5.51,6.88,9.09,7.88,4.53,1.78,7.02,5.77,3.46,6.31,9.95,5.43,5.23,9.42,0.37,7.73,3.74,5.36,3.18
2018-08-01,4.76,0.58,0.58,4.79,0.58,4.91,4.69,2.50,4.64,0.58,0.58,5.17,6.22,5.17,0.58,0.58,5.35,0.58,5.23,5.34,0.58,1.80,5.62,5.45,0.58,0.58,5.78,7.11,5.44,0.61,4.78,4.98,4.51,3.05,4.09,4.68,5.35,0.55,7.21,5.06,0.58,0.58,0.58,0.58,0.58,0.58,0.58,0.58,0.58,0.58,0.58,0.58,0.58,0.58,0.58,0.58,0.58,0.58,0.58,0.58,5.42,7.17,3.53,0.60,12.24,2.10,5.89,3.81,5.79,7.01,7.97,6.21,5.56,6.91,9.09,8.04,4.46,1.41,7.20,5.66,3.36,6.26,10.21,4.33,5.19,9.54,0.37,7.33,3.73,5.62,3.20
2018-09-01,4.85,0.58,0.58,4.88,0.58,4.42,4.76,2.49,4.55,0.58,0.58,5.05,5.60,4.99,0.58,0.58,5.43,0.58,5.32,5.42,0.58,1.80,5.27,5.55,0.58,0.58,5.87,7.36,5.52,0.61,4.82,5.03,4.55,3.06,4.12,4.73,5.52,0.55,7.05,5.12,0.58,0.58,0.58,0.58,0.58,0.58,0.58,0.58,0.58,0.58,0.58,0.58,0.58,0.58,0.58,0.58,0.58,0.58,0.58,0.58,6.53,6.85,4.16,0.60,12.94,9.17,6.08,4.11,5.90,7.19,8.11,6.24,5.61,6.98,9.06,8.19,4.59,1.63,7.41,5.60,3.25,6.21,10.43,5.52,5.15,9.63,0.37,6.92,3.74,5.68,2.88
2018-10-01,4.94,0.58,0.58,4.95,0.58,4.19,4.89,2.49,4.69,0.58,0.58,5.20,4.35,5.08,0.58,0.58,5.48,0.58,5.39,5.49,0.58,1.80,5.23,5.63,0.58,0.58,5.94,7.67,5.64,0.61,4.87,5.08,4.59,3.05,4.15,4.77,5.43,0.55,6.86,5.18,0.58,0.58,0.58,0.58,0.58,0.58,0.58,0.58,0.58,0.58,0.58,0.58,0.58,0.58,0.58,0.58,0.58,0.58,0.58,0.58,5.57,7.38,3.55,0.29,13.62,0.92,6.03,3.86,5.99,7.32,8.22,6.26,5.64,6.99,9.05,8.33,4.53,1.24,7.56,5.47,3.13,6.15,10.61,4.26,5.11,9.68,0.37,6.48,3.73,5.55,3.16
2018-11-01,4.98,0.58,0.58,4.99,0.58,4.60,4.97,2.48,4.94,0.58,0.58,5.48,4.08,5.38,0.58,0.58,5.53,0.58,5.43,5.53,0.58,1.80,5.62,5.68,0.58,0.58,5.98,7.67,5.70,0.61,4.91,5.12,4.64,3.06,4.18,4.82,5.58,0.55,6.66,5.23,0.58,0.58,0.58,0.58,0.58,0.58,0.58,0.58,0.58,0.58,0.58,0.58,0.58,0.58,0.58,0.58,0.58,0.58,0.58,0.58,6.85,8.26,4.22,0.33,14.36,9.69,6.19,4.17,6.09,7.47,8.28,6.27,5.66,7.02,8.99,8.47,4.64,1.48,7.66,5.38,3.00,6.10,10.75,5.59,5.07,9.72,0.37,6.08,3.74,5.75,3.23
2018-12-01,4.99,0.58,0.58,5.01,0.58,5.17,4.97,2.48,5.03,0.58,0.58,5.60,5.25,5.57,0.58,0.58,5.58,0.58,5.47,5.57,0.58,1.80,6.00,5.70,0.58,0.58,6.01,7.44,5.71,0.61,4.94,5.16,4.68,3.05,4.20,4.87,5.49,0.55,6.45,5.28,0.58,0.58,0.58,0.58,0.58,0.58,0.58,0.58,0.58,0.58,0.58,0.58,0.58,0.58,0.58,0.58,0.58,0.58,0.58,0.58,5.77,8.91,3.58,0.35,15.13,-1.07,6.14,3.92,6.19,7.64,8.38,6.26,5.66,7.02,8.94,8.59,4.58,0.67,7.79,5.24,2.87,6.04,10.85,4.17,5.03,9.72,0.37,5.68,3.74,5.84,3.13
2019-01-01,5.03,0.58,0.58,5.06,0.58,5.24,4.96,2.48,4.91,0.58,0.58,5.48,6.61,5.48,0.58,0.58,5.64,0.58,5.53,5.63,0.58,1.80,5.96,5.74,0.58,0.58,6.06,7.35,5.73,0.61,4.98,5.20,4.72,3.06,4.23,4.91,5.62,0.55,6.24,5.33,0.58,0.58,0.58,0.58,0.58,0.58,0.58,0.58,0.58,0.58,0.58,0.58,0.58,0.58,0.58,0.58,0.58,0.58,0.58,0.58,7.13,8.38,4.29,0.19,15.90,10.62,6.29,4.22,6.28,7.78,8.44,6.25,5.66,7.02,8.88,8.71,4.69,0.92,7.96,5.14,2.74,5.99,10.91,5.65,5.00,9.71,0.37,5.33,3.74,5.72,2.82
2019-02-01,5.10,0.58,0.58,5.13,0.58,4.77,5.02,2.47,4.82,0.58,0.58,5.36,6.52,5.30,0.58,0.58,5.70,0.58,5.59,5.69,0.58,1.80,5.61,5.81,0.58,0.58,6.12,7.55,5.80,0.61,5.01,5.24,4.75,3.05,4.25,4.95,5.54,0.55,6.04,5.37,0.58,0.58,0.58,0.58,0.58,0.58,0.58,0.58,0.58,0.58,0.58,0.58,0.58,0.58,0.58,0.58,0.58,0.58,0.58,0.58,5.87,7.92,3.60,0.13,16.73,-1.99,6.24,3.97,6.37,7.92,8.48,6.22,5.64,7.01,8.80,8.82,4.63,0.05,8.12,5.01,2.60,5.94,10.94,4.05,4.97,9.67,0.37,5.03,3.74,5.85,2.57
2019-03-01,5.17,0.58,0.58,5.18,0.58,4.41,5.12,2.47,4.93,0.58,0.58,5.46,5.02,5.34,0.58,0.58,5.74,0.58,5.64,5.74,0.58,1.80,5.46,5.87,0.58,0.58,6.16,7.78,5.88,0.61,5.05,5.28,4.79,3.06,4.27,4.99,5.65,0.55,5.86,5.42,0.58,0.58,0.58,0.58,0.58,0.58,0.58,0.58,0.58,0.58,0.58,0.58,0.58,0.58,0.58,0.58,0.58,0.58,0.58,0.58,7.40,8.23,4.36,0.23,17.57,11.77,6.37,4.28,6.46,8.07,8.54,6.19,5.62,7.00,8.75,8.92,4.73,0.68,8.24,4.92,2.46,5.90,10.92,5.71,4.94,9.62,0.37,4.79,3.74,5.97,2.48
2019-04-01,5.20,0.58,0.58,5.21,0.58,4.69,5.18,2.47,5.14,0.58,0.58,5.70,3.92,5.59,0.58,0.58,5.78,0.58,5.68,5.78,0.58,1.80,5.76,5.90,0.58,0.58,6.19,7.76,5.92,0.61,5.08,5.31,4.83,3.05,4.30,5.03,5.58,0.55,5.69,5.46,0.58,0.58,0.58,0.58,0.58,0.58,0.58,0.58,0.58,0.58,0.58,0.58,0.58,0.58,0.58,0.58,0.58,0.58,0.58,0.58,6.02,9.14,3.62,0.09,18.45,-2.96,6.32,4.03,6.54,8.20,8.57,6.15,5.59,6.97,8.68,9.02,4.68,-0.12,8.34,4.81,2.33,5.86,10.87,3.90,4.92,9.56,0.37,4.62,3.74,5.86,2.83
2019-05-01,5.22,0.58,0.58,5.24,0.58,5.30,5.19,2.47,5.23,0.58,0.58,5.82,4.69,5.78,0.58,0.58,5.83,0.58,5.72,5.82,0.58,1.80,6.16,5.93,0.58,0.58,6.22,7.56,5.93,0.61,5.11,5.34,4.86,3.06,4.32,5.07,5.68,0.55,5.55,5.50,0.58,0.58,0.58,0.58,0.58,0.58,0.58,0.58,0.58,0.58,0.58,0.58,0.58,0.58,0.58,0.58,0.58,0.58,0.58,0.58,7.73,9.92,4.42,0.07,19.37,13.49,6.44,4.33,6.63,8.33,8.60,6.11,5.55,6.95,8.62,9.11,4.76,0.64,8.47,4.74,2.20,5.83,10.78,5.75,4.90,9.48,0.37,4.53,3.74,5.94,3.32
2019-06-01,5.26,0.58,0.58,5.29,0.58,5.52,5.19,2.46,5.13,0.58,0.58,5.72,6.58,5.73,0.58,0.58,5.87,0.58,5.77,5.87,0.58,1.80,6.21,5.97,0.58,0.58,6.26,7.50,5.96,0.61,5.13,5.38,4.90,3.05,4.34,5.11,5.61,0.55,5.43,5.53,0.58,0.58,0.58,0.58,0.58,0.58,0.58,0.58,0.58,0.58,0.58,0.58,0.58,0.58,0.58,0.58,0.58,0.58,0.58,0.58,6.14,9.65,3.64,0.09,20.31,-2.78,6.39,4.08,6.71,8.47,8.63,6.07,5.50,6.92,8.56,9.19,4.72,-0.10,8.62,4.65,2.07,5.81,10.66,3.72,4.89,9.39,0.37,4.50,3.74,6.07,3.28
2019-07-01,5.32,0.58,0.58,5.34,0.58,5.11,5.25,2.46,5.05,0.58,0.58,5.61,7.38,5.57,0.58,0.58,5.92,0.58,5.81,5.91,0.58,1.80,5.89,6.01,0.58,0.58,6.30,7.66,6.01,0.61,5.16,5.40,4.93,3.06,4.36,5.15,5.70,0.55,5.34,5.57,0.58,0.58,0.58,0.58,0.58,0.58,0.58,0.58,0.58,0.58,0.58,0.58,0.58,0.58,0.58,0.58,0.58,0.58,0.58,0.58,8.01,9.05,4.49,0.09,21.29,15.36,6.50,4.38,6.80,8.60,8.63,6.02,5.45,6.90,8.51,9.27,4.79,0.67,8.75,4.61,1.94,5.79,10.50,5.80,4.88,9.29,0.37,4.56,3.74,5.99,3.32
2019-08-01,5.37,0.58,0.58,5.38,0.58,4.64,5.33,2.46,5.14,0.58,0.58,5.68,6.03,5.57,0.58,0.58,5.95,0.58,5.85,5.95,0.58,1.80,5.67,6.06,0.58,0.58,6.33,7.83,6.06,0.61,5.18,5.43,4.96,3.06,4.38,5.18,5.64,0.55,5.28,5.61,0.58,0.58,0.58,0.58,0.58,0.58,0.58,0.58,0.58,0.58,0.58,0.58,0.58,0.58,0.58,0.58,0.58,0.58,0.58,0.58,6.23,9.16,3.66,0.01,22.31,-3.60,6.45,4.13,6.88,8.72,8.65,5.97,5.40,6.86,8.47,9.34,4.75,0.26,8.85,4.56,1.83,5.78,10.33,3.50,4.88,9.19,0.37,4.67,3.74,6.01,3.49
2019-09-01,5.39,0.58,0.58,5.41,0.58,4.76,5.37,2.46,5.32,0.58,0.58,5.87,4.07,5.77,0.58,0.58,5.99,0.58,5.89,5.98,0.58,1.80,5.86,6.08,0.58,0.58,6.36,7.80,6.09,0.61,5.20,5.46,4.99,3.06,4.40,5.21,5.71,0.55,5.25,5.64,0.58,0.58,0.58,0.58,0.58,0.58,0.58,0.58,0.58,0.58,0.58,0.58,0.58,0.58,0.58,0.58,0.58,0.58,0.58,0.58,8.32,10.03,4.56,0.07,23.35,17.72,6.54,4.42,6.95,8.85,8.66,5.92,5.35,6.84,8.42,9.41,4.82,0.51,8.95,4.54,1.72,5.78,10.12,5.83,4.87,9.09,0.37,4.85,3.74,6.14,3.39
2019-10-01,5.42,0.58,0.58,5.44,0.58,5.38,5.38,2.46,5.40,0.58,0.58,5.99,3.95,5.95,0.58,0.58,6.03,0.58,5.92,6.02,0.58,1.80,6.25,6.11,0.58,0.58,6.38,7.64,6.11,0.61,5.23,5.48,5.02,3.06,4.41,5.25,5.66,0.55,5.25,5.67,0.58,0.58,0.58,0.58,0.58,0.58,0.58,0.58,0.58,0.58,0.58,0.58,0.58,0.58,0.58,0.58,0.58,0.58,0.58,0.58,6.33,10.89,3.67,0.02,24.42,-3.78,6.50,4.18,7.03,8.98,8.65,5.87,5.30,6.80,8.39,9.47,4.78,0.36,9.08,4.52,1.61,5.78,9.89,3.24,4.88,8.99,0.37,5.08,3.74,6.09,3.13
2019-11-01,5.46,0.58,0.58,5.48,0.58,5.75,5.39,2.46,5.33,0.58,0.58,5.93,6.03,5.93,0.58,0.58,6.06,0.58,5.96,6.05,0.58,1.80,6.39,6.14,0.58,0.58,6.41,7.60,6.13,0.61,5.25,5.51,5.05,3.06,4.43,5.28,5.72,0.55,5.28,5.70,0.58,0.58,0.58,0.58,0.58,0.58,0.58,0.58,0.58,0.58,0.58,0.58,0.58,0.58,0.58,0.58,0.58,0.58,0.58,0.58,8.64,10.93,4.63,0.04,25.51,20.03,6.59,4.47,7.11,9.09,8.65,5.83,5.25,6.78,8.36,9.53,4.84,0.62,9.20,4.53,1.52,5.78,9.65,5.87,4.88,8.88,0.37,5.36,3.74,6.08,3.00
2019-12-01,5.50,0.58,0.58,5.52,0.58,5.43,5.44,2.46,5.26,0.58,0.58,5.82,7.93,5.79,0.58,0.58,6.09,0.58,6.00,6.09,0.58,1.80,6.13,6.17,0.58,0.58,6.44,7.73,6.17,0.61,5.27,5.53,5.08,3.06,4.45,5.31,5.67,0.55,5.32,5.73,0.58,0.58,0.58,0.58,0.58,0.58,0.58,0.58,0.58,0.58,0.58,0.58,0.58,0.58,0.58,0.58,0.58,0.58,0.58,0.58,6.39,10.28,3.69,-0.00,26.61,-4.94,6.54,4.23,7.18,9.21,8.65,5.78,5.20,6.75,8.34,9.59,4.81,0.06,9.31,4.54,1.44,5.78,9.39,2.95,4.89,8.78,0.37,5.66,3.74,6.20,2.72
2020-01-01,5.54,0.58,0.58,5.55,0.58,4.87,5.50,2.46,5.32,0.58,0.58,5.86,7.30,5.76,0.58,0.58,6.13,0.58,6.03,6.12,0.58,1.80,5.85,6.20,0.58,0.58,6.46,7.86,6.21,0.61,5.28,5.55,5.11,3.06,4.46,5.34,5.73,0.55,5.39,5.76,0.58,0.58,0.58,0.58,0.58,0.58,0.58,0.58,0.58,0.58,0.58,0.58,0.58,0.58,0.58,0.58,0.58,0.58,0.58,0.58,8.96,10.20,4.70,0.05,27.72,22.99,6.62,4.52,7.25,9.33,8.64,5.74,5.16,6.73,8.33,9.64,4.86,0.33,9.40,4.57,1.37,5.79,9.12,5.90,4.89,8.69,0.37,5.98,3.74,6.17,2.68
2020-02-01,5.56,0.58,0.58,5.58,0.58,4.83,5.53,2.46,5.48,0.58,0.58,6.02,4.73,5.92,0.58,0.58,6.16,0.58,6.06,6.15,0.58,1.80,5.94,6.22,0.58,0.58,6.48,7.81,6.23,0.61,5.30,5.57,5.14,3.06,4.48,5.37,5.69,0.55,5.48,5.78,0.58,0.58,0.58,0.58,0.58,0.58,0.58,0.58,0.58,0.58,0.58,0.58,0.58,0.58,0.58,0.58,0.58,0.58,0.58,0.58,6.44,10.99,3.70,0.03,28.84,-5.18,6.58,4.28,7.32,9.44,8.63,5.70,5.12,6.70,8.31,9.68,4.83,-0.09,9.50,4.61,1.31,5.80,8.85,2.54,4.90,8.60,0.37,6.30,3.74,6.14,2.98
2020-03-01,5.59,0.58,0.58,5.61,0.58,5.41,5.54,2.46,5.55,0.58,0.58,6.13,3.30,6.09,0.58,0.58,6.19,0.58,6.09,6.18,0.58,1.80,6.30,6.24,0.58,0.58,6.50,7.69,6.24,0.61,5.32,5.59,5.16,3.06,4.49,5.40,5.74,0.55,5.57,5.81,0.58,0.58,0.58,0.58,0.58,0.58,0.58,0.58,0.58,0.58,0.58,0.58,0.58,0.58,0.58,0.58,0.58,0.58,0.58,0.58,9.30,11.91,4.78,0.06,29.97,26.09,6.65,4.56,7.39,9.55,8.62,5.66,5.08,6.69,8.30,9.73,4.88,0.09,9.61,4.66,1.27,5.81,8.57,5.88,4.91,8.51,0.37,6.61,3.74,6.24,2.96
2020-04-01,5.62,0.58,0.58,5.64,0.58,5.91,5.56,2.45,5.50,0.58,0.58,6.09,4.94,6.10,0.58,0.58,6.21,0.58,6.12,6.21,0.58,1.80,6.51,6.27,0.58,0.58,6.52,7.66,6.26,0.61,5.33,5.61,5.19,3.06,4.51,5.43,5.70,0.55,5.68,5.83,0.58,0.58,0.58,0.58,0.58,0.58,0.58,0.58,0.58,0.58,0.58,0.58,0.58,0.58,0.58,0.58,0.58,0.58,0.58,0.58,6.45,12.24,3.70,0.04,31.09,-6.53,6.61,4.32,7.46,9.66,8.61,5.63,5.06,6.67,8.30,9.77,4.85,-0.11,9.72,4.70,1.23,5.82,8.28,1.77,4.92,8.43,0.37,6.90,3.74,6.23,2.67
2020-05-01,5.66,0.58,0.58,5.68,0.58,5.73,5.60,2.45,5.43,0.58,0.58,5.99,7.91,5.98,0.58,0.58,6.24,0.58,6.15,6.23,0.58,1.80,6.33,6.30,0.58,0.58,6.54,7.77,6.29,0.61,5.35,5.62,5.21,3.06,4.52,5.45,5.74,0.55,5.79,5.86,0.58,0.58,0.58,0.58,0.58,0.58,0.58,0.58,0.58,0.58,0.58,0.58,0.58,0.58,0.58,0.58,0.58,0.58,0.58,0.58,9.64,11.59,4.85,0.07,32.21,29.95,6.67,4.61,7.53,9.77,8.60,5.60,5.04,6.65,8.30,9.81,4.89,0.08,9.81,4.76,1.21,5.83,8.01,5.72,4.92,8.36,0.37,7.16,3.74,6.19,2.19
2020-06-01,5.69,0.58,0.58,5.70,0.58,5.13,5.65,2.45,5.49,0.58,0.58,6.01,8.63,5.93,0.58,0.58,6.27,0.58,6.17,6.26,0.58,1.80,6.02,6.32,0.58,0.58,6.55,7.86,6.32,0.61,5.36,5.64,5.24,3.06,4.53,5.48,5.71,0.55,5.90,5.88,0.58,0.58,0.58,0.58,0.58,0.58,0.58,0.58,0.58,0.58,0.58,0.58,0.58,0.58,0.58,0.58,0.58,0.58,0.58,0.58,6.39,11.34,3.71,0.05,33.31,-7.01,6.63,4.37,7.59,9.87,8.58,5.58,5.02,6.64,8.30,9.84,4.87,-0.11,9.90,4.82,1.20,5.84,7.74,0.56,4.93,8.30,0.37,7.38,3.74,6.27,1.96
2020-07-01,5.71,0.58,0.58,5.73,0.58,4.91,5.68,2.45,5.61,0.58,0.58,6.14,6.03,6.04,0.58,0.58,6.29,0.58,6.20,6.28,0.58,1.80,6.00,6.33,0.58,0.58,6.57,7.82,6.34,0.61,5.37,5.65,5.26,3.06,4.55,5.51,5.75,0.55,6.00,5.90,0.58,0.58,0.58,0.58,0.58,0.58,0.58,0.58,0.58,0.58,0.58,0.58,0.58,0.58,0.58,0.58,0.58,0.58,0.58,0.58,9.98,12.05,4.92,0.06,34.40,33.99,6.69,4.65,7.65,9.97,8.57,5.56,5.01,6.63,8.31,9.88,4.91,-0.04,9.99,4.88,1.21,5.85,7.48,5.54,4.94,8.24,0.37,7.55,3.74,6.28,1.54
2020-08-01,5.74,0.58,0.58,5.76,0.58,5.41,5.69,2.45,5.68,0.58,0.58,6.25,3.10,6.20,0.58,0.58,6.31,0.58,6.23,6.30,0.58,1.80,6.32,6.35,0.58,0.58,6.58,7.72,6.35,0.61,5.38,5.67,5.28,3.06,4.56,5.53,5.71,0.55,6.10,5.92,0.58,0.58,0.58,0.58,0.58,0.58,0.58,0.58,0.58,0.58,0.58,0.58,0.58,0.58,0.58,0.58,0.58,0.58,0.58,0.58,6.30,13.00,3.71,0.04,35.47,-8.70,6.66,4.41,7.72,10.07,8.56,5.54,5.01,6.62,8.31,9.91,4.89,-0.11,10.09,4.93,1.23,5.86,7.23,-1.27,4.94,8.19,0.37,7.67,3.74,6.24,1.32
2020-09-01,5.77,0.58,0.58,5.78,0.58,6.01,5.71,2.45,5.64,0.58,0.58,6.22,3.50,6.23,0.58,0.58,6.34,0.58,6.25,6.33,0.58,1.80,6.59,6.37,0.58,0.58,6.60,7.70,6.37,0.61,5.39,5.68,5.30,3.06,4.57,5.55,5.75,0.55,6.19,5.94,0.58,0.58,0.58,0.58,0.58,0.58,0.58,0.58,0.58,0.58,0.58,0.58,0.58,0.58,0.58,0.58,0.58,0.58,0.58,0.58,10.35,13.60,5.00,0.05,36.51,38.97,6.71,4.69,7.78,10.17,8.55,5.53,5.01,6.61,8.32,9.93,4.92,-0.11,10.18,4.99,1.26,5.87,7.00,5.47,4.95,8.16,0.37,7.74,3.74,6.29,1.42
2020-10-01,5.79,0.58,0.58,5.81,0.58,5.99,5.74,2.45,5.59,0.58,0.58,6.14,7.07,6.13,0.58,0.58,6.36,0.58,6.27,6.35,0.58,1.80,6.48,6.39,0.58,0.58,6.61,7.79,6.39,0.61,5.41,5.70,5.33,3.06,4.58,5.58,5.72,0.55,6.27,5.96,0.58,0.58,0.58,0.58,0.58,0.58,0.58,0.58,0.58,0.58,0.58,0.58,0.58,0.58,0.58,0.58,0.58,0.58,0.58,0.58,6.12,12.97,3.70,0.02,37.52,-9.43,6.68,4.46,7.84,10.27,8.53,5.52,5.02,6.61,8.33,9.96,4.90,-0.10,10.26,5.03,1.29,5.87,6.79,-1.73,4.95,8.12,0.37,7.75,3.74,6.32,1.44
2020-11-01,5.82,0.58,0.58,5.83,0.58,5.39,5.78,2.45,5.63,0.58,0.58,6.14,9.64,6.07,0.58,0.58,6.38,0.58,6.29,6.37,0.58,1.80,6.17,6.41,0.58,0.58,6.63,7.86,6.41,0.61,5.42,5.71,5.35,3.06,4.59,5.60,5.75,0.55,6.33,5.97,0.58,0.58,0.58,0.58,0.58,0.58,0.58,0.58,0.58,0.58,0.58,0.58,0.58,0.58,0.58,0.58,0.58,0.58,0.58,0.58,10.72,12.60,5.08,0.03,38.50,44.30,6.72,4.73,7.89,10.36,8.52,5.52,5.03,6.60,8.34,9.99,4.93,-0.09,10.34,5.07,1.33,5.88,6.59,5.51,4.96,8.10,0.37,7.70,3.74,6.28,1.59
2020-12-01,5.84,0.58,0.58,5.85,0.58,5.01,5.80,2.45,5.73,0.58,0.58,6.25,7.92,6.15,0.58,0.58,6.40,0.58,6.32,6.39,0.58,1.80,6.07,6.42,0.58,0.58,6.64,7.82,6.42,0.61,5.43,5.72,5.37,3.06,4.60,5.62,5.72,0.55,6.38,5.99,0.58,0.58,0.58,0.58,0.58,0.58,0.58,0.58,0.58,0.58,0.58,0.58,0.58,0.58,0.58,0.58,0.58,0.58,0.58,0.58,5.85,13.10,3.70,0.01,39.44,-11.50,6.69,4.50,7.95,10.45,8.51,5.52,5.04,6.60,8.35,10.01,4.91,-0.10,10.43,5.11,1.38,5.88,6.42,-1.87,4.96,8.08,0.37,7.60,3.74,6.32,1.68
2021-01-01,5.86,0.58,0.58,5.88,0.58,5.38,5.82,2.45,5.80,0.58,0.58,6.34,3.71,6.29,0.58,0.58,6.42,0.58,6.34,6.41,0.58,1.80,6.32,6.44,0.58,0.58,6.65,7.74,6.44,0.61,5.43,5.73,5.39,3.06,4.61,5.64,5.75,0.55,6.41,6.01,0.58,0.58,0.58,0.58,0.58,0.58,0.58,0.58,0.58,0.58,0.58,0.58,0.58,0.58,0.58,0.58,0.58,0.58,0.58,0.58,11.12,14.09,5.16,0.03,40.34,50.75,6.73,4.77,8.01,10.54,8.50,5.52,5.06,6.60,8.36,10.03,4.94,-0.09,10.51,5.14,1.43,5.88,6.27,5.97,4.96,8.08,0.37,7.46,3.74,6.35,1.55
2021-02-01,5.89,0.58,0.58,5.90,0.58,6.06,5.84,2.45,5.77,0.58,0.58,6.33,2.07,6.34,0.58,0.58,6.44,0.58,6.36,6.43,0.58,1.80,6.62,6.45,0.58,0.58,6.66,7.73,6.45,0.61,5.44,5.74,5.41,3.06,4.62,5.66,5.73,0.55,6.43,6.02,0.58,0.58,0.58,0.58,0.58,0.58,0.58,0.58,0.58,0.58,0.58,0.58,0.58,0.58,0.58,0.58,0.58,0.58,0.58,0.58,5.49,14.88,3.69,0.02,41.18,-12.58,6.70,4.54,8.06,10.63,8.49,5.52,5.09,6.60,8.36,10.05,4.92,-0.10,10.59,5.16,1.48,5.89,6.15,-2.09,4.96,8.07,0.37,7.28,3.74,6.31,1.38
2021-03-01,5.91,0.58,0.58,5.92,0.58,6.21,5.87,2.45,5.72,0.58,0.58,6.26,5.32,6.26,0.58,0.58,6.45,0.58,6.38,6.44,0.58,1.80,6.60,6.47,0.58,0.58,6.67,7.81,6.47,0.61,5.45,5.75,5.42,3.06,4.63,5.68,5.75,0.55,6.43,6.04,0.58,0.58,0.58,0.58,0.58,0.58,0.58,0.58,0.58,0.58,0.58,0.58,0.58,0.58,0.58,0.58,0.58,0.58,0.58,0.58,11.54,14.45,5.24,0.04,41.98,57.73,6.74,4.81,8.12,10.72,8.48,5.53,5.11,6.60,8.37,10.07,4.95,-0.10,10.66,5.17,1.54,5.89,6.05,6.27,4.96,8.08,0.37,7.07,3.74,6.33,1.37
2021-04-01,5.93,0.58,0.58,5.94,0.58,5.66,5.89,2.45,5.75,0.58,0.58,6.25,9.85,6.19,0.58,0.58,6.47,0.58,6.39,6.46,0.58,1.80,6.31,6.48,0.58,0.58,6.68,7.85,6.48,0.61,5.46,5.76,5.44,3.06,4.64,5.70,5.73,0.55,6.42,6.05,0.58,0.58,0.58,0.58,0.58,0.58,0.58,0.58,0.58,0.58,0.58,0.58,0.58,0.58,0.58,0.58,0.58,0.58,0.58,0.58,5.01,13.93,3.67,0.03,42.71,-15.15,6.72,4.58,8.17,10.80,8.47,5.53,5.14,6.61,8.38,10.09,4.93,-0.10,10.74,5.17,1.60,5.89,5.98,-2.55,4.96,8.08,0.37,6.84,3.74,6.37,1.42
2021-05-01,5.95,0.58,0.58,5.96,0.58,5.14,5.91,2.45,5.84,0.58,0.58,6.33,10.11,6.24,0.58,0.58,6.49,0.58,6.41,6.48,0.58,1.80,6.14,6.49,0.58,0.58,6.69,7.82,6.49,0.61,5.47,5.77,5.46,3.06,4.65,5.72,5.75,0.55,6.40,6.06,0.58,0.58,0.58,0.58,0.58,0.58,0.58,0.58,0.58,0.58,0.58,0.58,0.58,0.58,0.58,0.58,0.58,0.58,0.58,0.58,11.77,14.20,5.33,0.04,43.39,66.10,6.75,4.85,8.22,10.89,8.46,5.54,5.16,6.61,8.38,10.10,4.95,-0.10,10.81,5.17,1.66,5.89,5.93,6.55,4.96,8.10,0.37,6.60,3.74,6.34,1.68
2021-06-01,5.97,0.58,0.58,5.98,0.58,5.34,5.93,2.45,5.90,0.58,0.58,6.42,5.41,6.37,0.58,0.58,6.50,0.58,6.43,6.49,0.58,1.80,6.32,6.50,0.58,0.58,6.70,7.75,6.50,0.61,5.47,5.78,5.48,3.06,4.66,5.74,5.73,0.55,6.36,6.08,0.58,0.58,0.58,0.58,0.58,0.58,0.58,0.58,0.58,0.58,0.58,0.58,0.58,0.58,0.58,0.58,0.58,0.58,0.58,0.58,4.27,15.18,3.66,0.03,44.00,-16.69,6.72,4.62,8.27,10.97,8.45,5.55,5.19,6.61,8.39,10.12,4.94,-0.10,10.89,5.16,1.71,5.88,5.91,-2.74,4.96,8.11,0.37,6.36,3.74,6.35,1.33
2021-07-01,5.99,0.58,0.58,6.00,0.58,6.05,5.94,2.45,5.88,0.58,0.58,6.42,1.21,6.42,0.58,0.58,6.52,0.58,6.45,6.51,0.58,1.80,6.63,6.51,0.58,0.58,6.70,7.75,6.51,0.61,5.48,5.78,5.49,3.06,4.67,5.75,5.75,0.55,6.32,6.09,0.58,0.58,0.58,0.58,0.58,0.58,0.58,0.58,0.58,0.58,0.58,0.58,0.58,0.58,0.58,0.58,0.58,0.58,0.58,0.58,11.63,16.07,5.42,0.04,44.55,75.25,6.75,4.89,8.32,11.05,8.45,5.56,5.21,6.62,8.39,10.13,4.96,-0.10,10.96,5.15,1.77,5.88,5.92,6.90,4.96,8.13,0.37,6.12,3.74,6.39,1.52
2021-08-01,6.01,0.58,0.58,6.02,0.58,6.38,5.97,2.45,5.84,0.58,0.58,6.35,2.84,6.36,0.58,0.58,6.53,0.58,6.46,6.52,0.58,1.80,6.68,6.52,0.58,0.58,6.71,7.81,6.52,0.61,5.48,5.79,5.51,3.06,4.68,5.77,5.73,0.55,6.27,6.10,0.58,0.58,0.58,0.58,0.58,0.58,0.58,0.58,0.58,0.58,0.58,0.58,0.58,0.58,0.58,0.58,0.58,0.58,0.58,0.58,3.32,15.97,3.63,0.03,45.02,-19.90,6.73,4.66,8.37,11.13,8.44,5.58,5.23,6.62,8.39,10.14,4.95,-0.10,11.02,5.13,1.83,5.88,5.94,-2.91,4.96,8.15,0.37,5.90,3.74,6.37,1.59
2021-09-01,6.03,0.58,0.58,6.04,0.58,5.93,5.99,2.45,5.86,0.58,0.58,6.34,8.80,6.29,0.58,0.58,6.55,0.58,6.48,6.53,0.58,1.80,6.43,6.53,0.58,0.58,6.72,7.85,6.54,0.61,5.49,5.80,5.53,3.06,4.68,5.79,5.75,0.55,6.21,6.11,0.58,0.58,0.58,0.58,0.58,0.58,0.58,0.58,0.58,0.58,0.58,0.58,0.58,0.58,0.58,0.58,0.58,0.58,0.58,0.58,11.13,15.35,5.51,0.03,45.42,86.13,6.76,4.92,8.42,11.20,8.44,5.59,5.26,6.62,8.40,10.15,4.96,-0.10,11.09,5.11,1.89,5.88,6.00,7.34,4.95,8.18,0.37,5.71,3.74,6.36,1.60
2021-10-01,6.04,0.58,0.58,6.06,0.58,5.29,6.01,2.45,5.93,0.58,0.58,6.40,12.02,6.32,0.58,0.58,6.56,0.58,6.49,6.55,0.58,1.80,6.21,6.54,0.58,0.58,6.72,7.81,6.54,0.61,5.50,5.81,5.54,3.06,4.69,5.80,5.74,0.55,6.15,6.12,0.58,0.58,0.58,0.58,0.58,0.58,0.58,0.58,0.58,0.58,0.58,0.58,0.58,0.58,0.58,0.58,0.58,0.58,0.58,0.58,2.21,15.43,3.57,0.02,45.74,-22.07,6.74,4.70,8.46,11.28,8.43,5.60,5.28,6.63,8.40,10.17,4.96,-0.10,11.16,5.08,1.95,5.88,6.07,-2.98,4.95,8.20,0.37,5.55,3.74,6.40,1.66
2021-11-01,6.06,0.58,0.58,6.07,0.58,5.32,6.02,2.45,5.99,0.58,0.58,6.48,8.24,6.43,0.58,0.58,6.57,0.58,6.50,6.56,0.58,1.80,6.31,6.55,0.58,0.58,6.73,7.76,6.55,0.61,5.50,5.81,5.56,3.06,4.70,5.82,5.75,0.55,6.10,6.13,0.58,0.58,0.58,0.58,0.58,0.58,0.58,0.58,0.58,0.58,0.58,0.58,0.58,0.58,0.58,0.58,0.58,0.58,0.58,0.58,10.77,16.33,5.60,0.03,45.98,98.09,6.76,4.96,8.51,11.35,8.43,5.61,5.29,6.63,8.40,10.18,4.97,-0.10,11.22,5.05,2.00,5.87,6.16,7.74,4.95,8.23,0.37,5.43,3.74,6.39,1.75
2021-12-01,6.08,0.58,0.58,6.09,0.58,6.00,6.04,2.45,5.97,0.58,0.58,6.48,1.57,6.49,0.58,0.58,6.58,0.58,6.52,6.57,0.58,1.80,6.61,6.56,0.58,0.58,6.74,7.77,6.56,0.61,5.50,5.82,5.57,3.06,4.70,5.83,5.74,0.55,6.04,6.14,0.58,0.58,0.58,0.58,0.58,0.58,0.58,0.58,0.58,0.58,0.58,0.58,0.58,0.58,0.58,0.58,0.58,0.58,0.58,0.58,1.18,17.29,3.49,0.02,46.14,-26.10,6.75,4.73,8.55,11.42,8.42,5.62,5.31,6.63,8.40,10.19,4.96,-0.10,11.29,5.02,2.06,5.87,6.28,-3.23,4.95,8.25,0.37,5.34,3.74,6.38,1.87
2022-01-01,6.10,0.58,0.58,6.11,0.58,6.49,6.06,2.45,5.94,0.58,0.58,6.43,0.42,6.45,0.58,0.58,6.59,0.58,6.53,6.58,0.58,1.80,6.74,6.57,0.58,0.58,6.74,7.82,6.57,0.61,5.51,5.82,5.58,3.06,4.71,5.85,5.75,0.55,5.99,6.15,0.58,0.58,0.58,0.58,0.58,0.58,0.58,0.58,0.58,0.58,0.58,0.58,0.58,0.58,0.58,0.58,0.58,0.58,0.58,0.58,10.48,17.52,5.69,0.03,46.21,112.23,6.77,4.99,8.60,11.49,8.42,5.63,5.32,6.64,8.40,10.19,4.97,-0.10,11.35,5.00,2.12,5.87,6.41,8.18,4.95,8.28,0.37,5.30,3.74,6.41,2.18
2022-02-01,6.11,0.58,0.58,6.12,0.58,6.18,6.08,2.45,5.95,0.58,0.58,6.41,6.49,6.38,0.58,0.58,6.61,0.58,6.54,6.59,0.58,1.80,6.54,6.58,0.58,0.58,6.75,7.84,6.58,0.61,5.51,5.83,5.60,3.06,4.72,5.86,5.74,0.55,5.94,6.16,0.58,0.58,0.58,0.58,0.58,0.58,0.58,0.58,0.58,0.58,0.58,0.58,0.58,0.58,0.58,0.58,0.58,0.58,0.58,0.58,-0.12,16.88,3.37,0.02,46.19,-29.08,6.75,4.77,8.64,11.56,8.42,5.65,5.32,6.64,8.40,10.20,4.97,-0.10,11.41,4.97,2.17,5.87,6.55,-3.51,4.95,8.30,0.37,5.30,3.74,6.40,2.06
2022-03-01,6.13,0.58,0.58,6.14,0.58,5.48,6.09,2.45,6.02,0.58,0.58,6.46,13.04,6.39,0.58,0.58,6.62,0.58,6.55,6.60,0.58,1.80,6.29,6.58,0.58,0.58,6.75,7.81,6.58,0.61,5.52,5.83,5.61,3.06,4.72,5.87,5.75,0.55,5.90,6.17,0.58,0.58,0.58,0.58,0.58,0.58,0.58,0.58,0.58,0.58,0.58,0.58,0.58,0.58,0.58,0.58,0.58,0.58,0.58,0.58,10.18,16.77,5.78,0.03,46.09,127.88,6.77,5.03,8.68,11.63,8.41,5.66,5.33,6.64,8.40,10.21,4.98,-0.10,11.47,4.94,2.22,5.87,6.70,8.60,4.95,8.33,0.37,5.34,3.74,6.39,2.64
2022-04-01,6.14,0.58,0.58,6.15,0.58,5.30,6.10,2.45,6.06,0.58,0.58,6.53,11.71,6.48,0.58,0.58,6.63,0.58,6.57,6.61,0.58,1.80,6.31,6.59,0.58,0.58,6.76,7.77,6.59,0.61,5.52,5.84,5.62,3.06,4.73,5.89,5.74,0.55,5.87,6.18,0.58,0.58,0.58,0.58,0.58,0.58,0.58,0.58,0.58,0.58,0.58,0.58,0.58,0.58,0.58,0.58,0.58,0.58,0.58,0.58,-1.51,17.58,3.21,0.02,45.90,-34.16,6.75,4.81,8.72,11.70,8.41,5.66,5.33,6.64,8.40,10.22,4.97,-0.10,11.52,4.92,2.27,5.87,6.87,-3.75,4.94,8.35,0.37,5.42,3.74,6.41,3.47
2022-05-01,6.16,0.58,0.58,6.17,0.58,5.91,6.12,2.45,6.05,0.58,0.58,6.54,3.63,6.54,0.58,0.58,6.64,0.58,6.58,6.62,0.58,1.80,6.58,6.60,0.58,0.58,6.76,7.78,6.60,0.61,5.52,5.84,5.64,3.06,4.73,5.90,5.75,0.55,5.84,6.18,0.58,0.58,0.58,0.58,0.58,0.58,0.58,0.58,0.58,0.58,0.58,0.58,0.58,0.58,0.58,0.58,0.58,0.58,0.58,0.58,9.88,18.59,5.88,0.03,45.62,146.26,6.77,5.06,8.76,11.76,8.41,5.67,5.33,6.65,8.40,10.22,4.98,-0.10,11.58,4.90,2.32,5.87,7.04,9.06,4.94,8.37,0.37,5.53,3.74,6.41,3.55
2022-06-01,6.17,0.58,0.58,6.18,0.58,6.55,6.14,2.45,6.03,0.58,0.58,6.50,0.42,6.51,0.58,0.58,6.65,0.58,6.59,6.63,0.58,1.80,6.76,6.61,0.58,0.58,6.76,7.82,6.61,0.61,5.53,5.85,5.65,3.06,4.74,5.91,5.74,0.55,5.82,6.19,0.58,0.58,0.58,0.58,0.58,0.58,0.58,0.58,0.58,0.58,0.58,0.58,0.58,0.58,0.58,0.58,0.58,0.58,0.58,0.58,-2.24,19.12,3.01,0.02,45.25,-38.23,6.76,4.84,8.80,11.83,8.41,5.68,5.33,6.65,8.40,10.23,4.97,-0.10,11.63,4.88,2.37,5.87,7.22,-3.85,4.94,8.39,0.37,5.67,3.74,6.40,4.35
2022-07-01,6.18,0.58,0.58,6.19,0.58,6.42,6.15,2.45,6.04,0.58,0.58,6.47,4.68,6.45,0.58,0.58,6.65,0.58,6.60,6.64,0.58,1.80,6.63,6.61,0.58,0.58,6.77,7.83,6.61,0.61,5.53,5.85,5.66,3.06,4.74,5.92,5.75,0.55,5.81,6.20,0.58,0.58,0.58,0.58,0.58,0.58,0.58,0.58,0.58,0.58,0.58,0.58,0.58,0.58,0.58,0.58,0.58,0.58,0.58,0.58,9.70,18.50,5.98,0.03,44.78,166.72,6.78,5.09,8.84,11.89,8.41,5.69,5.32,6.65,8.40,10.24,4.98,-0.10,11.69,4.87,2.42,5.87,7.41,9.56,4.94,8.41,0.37,5.83,3.74,6.42,4.94
2022-08-01,6.20,0.58,0.58,6.21,0.58,5.69,6.16,2.45,6.09,0.58,0.58,6.51,13.26,6.45,0.58,0.58,6.66,0.58,6.61,6.65,0.58,1.80,6.37,6.62,0.58,0.58,6.77,7.81,6.62,0.61,5.53,5.86,5.67,3.06,4.75,5.94,5.74,0.55,5.81,6.21,0.58,0.58,0.58,0.58,0.58,0.58,0.58,0.58,0.58,0.58,0.58,0.58,0.58,0.58,0.58,0.58,0.58,0.58,0.58,0.58,-2.63,18.23,2.74,0.02,44.23,-44.68,6.76,4.87,8.88,11.95,8.41,5.69,5.31,6.65,8.40,10.24,4.98,-0.10,11.74,4.86,2.46,5.87,7.59,-4.01,4.94,8.43,0.37,6.01,3.74,6.42,4.69
2022-09-01,6.21,0.58,0.58,6.22,0.58,5.32,6.17,2.45,6.13,0.58,0.58,6.57,14.44,6.52,0.58,0.58,6.67,0.58,6.62,6.66,0.58,1.80,6.31,6.62,0.58,0.58,6.78,7.78,6.62,0.61,5.54,5.86,5.68,3.06,4.75,5.95,5.75,0.55,5.82,6.21,0.58,0.58,0.58,0.58,0.58,0.58,0.58,0.58,0.58,0.58,0.58,0.58,0.58,0.58,0.58,0.58,0.58,0.58,0.58,0.58,9.68,18.90,6.09,0.03,43.59,190.64,6.78,5.12,8.91,12.01,8.41,5.69,5.30,6.65,8.40,10.25,4.99,-0.10,11.79,4.85,2.50,5.87,7.77,10.08,4.94,8.44,0.37,6.19,3.74,6.41,5.95
2022-10-01,6.22,0.58,0.58,6.23,0.58,5.81,6.19,2.45,6.13,0.58,0.58,6.59,7.14,6.59,0.58,0.58,6.68,0.58,6.63,6.67,0.58,1.80,6.54,6.63,0.58,0.58,6.78,7.79,6.63,0.61,5.54,5.86,5.69,3.06,4.76,5.96,5.74,0.55,5.83,6.22,0.58,0.58,0.58,0.58,0.58,0.58,0.58,0.58,0.58,0.58,0.58,0.58,0.58,0.58,0.58,0.58,0.58,0.58,0.58,0.58,-2.67,19.95,2.40,0.02,42.85,-50.16,6.76,4.91,8.95,12.07,8.41,5.70,5.29,6.65,8.39,10.25,4.98,-0.10,11.84,4.85,2.55,5.87,7.95,-4.34,4.94,8.46,0.37,6.38,3.74,6.42,5.71
2022-11-01,6.23,0.58,0.58,6.24,0.58,6.55,6.20,2.45,6.10,0.58,0.58,6.55,0.42,6.57,0.58,0.58,6.69,0.58,6.64,6.67,0.58,1.80,6.76,6.63,0.58,0.58,6.78,7.82,6.63,0.61,5.54,5.87,5.71,3.06,4.76,5.97,5.75,0.55,5.85,6.22,0.58,0.58,0.58,0.58,0.58,0.58,0.58,0.58,0.58,0.58,0.58,0.58,0.58,0.58,0.58,0.58,0.58,0.58,0.58,0.58,9.65,20.75,6.20,0.03,42.03,217.37,6.78,5.15,8.99,12.13,8.41,5.70,5.28,6.65,8.39,10.25,4.99,-0.10,11.89,4.85,2.59,5.87,8.12,10.59,4.94,8.47,0.37,6.55,3.74,6.43,5.42
2022-12-01,6.24,0.58,0.58,6.25,0.58,6.62,6.21,2.45,6.11,0.58,0.58,6.53,2.05,6.51,0.58,0.58,6.69,0.58,6.64,6.68,0.58,1.80,6.70,6.64,0.58,0.58,6.78,7.83,6.64,0.61,5.54,5.87,5.72,3.06,4.77,5.98,5.74,0.55,5.87,6.23,0.58,0.58,0.58,0.58,0.58,0.58,0.58,0.58,0.58,0.58,0.58,0.58,0.58,0.58,0.58,0.58,0.58,0.58,0.58,0.58,-2.79,20.23,1.96,0.02,41.13,-58.38,6.77,4.94,9.02,12.18,8.41,5.70,5.27,6.65,8.39,10.26,4.98,-0.10,11.94,4.86,2.63,5.87,8.28,-4.72,4.94,8.47,0.37,6.71,3.74,6.42,5.51
